session_id,start,end,user,energy_kwh,charging_min,cost_eur,avg_price,solar_kwh,grid_kwh,solar_pct,t1_kwh,t2_kwh,t3_kwh,t4_kwh,soc_start,soc_end,odo_start,odo_end,stop_reason
test123,2024-12-15 01:00:00,2024-12-15 01:30:00,mysan,0.689,30,0.038,0.0552,0.0,0.0,0.0,0.689,0,0,0,,,,,manual
test999,2024-12-15 12:00:00,2024-12-15 12:30:00,mysan,2.5,30,0.15,0.06,0.0,0.0,0.0,0,2.5,0,0,,,,,test
20251215_003036,2025-12-15 00:30:36,2025-12-15 00:32:09,mysan,0.052,2,0.002,0.0385,0.0,0.0,0.0,0.052,0,0,0,,,,,completed
direct_test,2024-12-15 15:00:00,2024-12-15 15:30:00,mysan,1.0,30,0.05,0.05,0.0,0.0,0.0,1.0,0,0,0,,,,,direct
20251215_004115,2025-12-15 00:41:15,2025-12-15 02:23:37,mysan,1.665,102,0.088,0.0529,0.0,0.0,0.0,1.665,0,0,0,,,,,manual
20251216_125421,2025-12-16 12:54:21,2025-12-16 14:49:36,mysan,7.516,115,0.513,0.0683,0.0,0.0,0.0,0,7.516,0,0,,,,,completed
20251216_213820,2025-12-16 21:38:20,2025-12-16 21:59:12,mysan,2.129,21,0.223,0.1047,0.0,0.0,0.0,0,0,0,2.129,,,,,completed
20251216_223431,2025-12-16 22:34:31,2025-12-17 01:15:19,mysan,16.945,161,1.023,0.0604,0.0,0.0,0.0,16.945,0,0,0,,,,,completed
20251217_011607,2025-12-17 01:16:07,2025-12-17 04:26:34,mysan,13.197,190,1.667,0.1263,0.0,0.0,0.0,13.197,0,0,0,,,,,manual
20251218_094648,2025-12-18 09:46:48,2025-12-18 12:20:10,mysan,10.395,153,1.556,0.1497,0.0,0.0,0.0,0,0,10.395,0,,,,,completed
20251219_071713,2025-12-19 07:17:13,2025-12-19 08:50:30,mysan,2.116,93,0.392,0.1853,0.0,0.0,0.0,0,0,0,2.116,,,,,manual
20251219_173713,2025-12-19 17:37:13,2025-12-19 19:00:01,mysan,8.691,83,1.218,0.1401,0.0,0.0,0.0,0,0,0,8.691,,,,,completed
20251219_213853,2025-12-19 21:38:53,2025-12-19 21:39:40,mysan,0.0,1,0.0,0,0.0,0.0,0,0,0,0,0.0,,,,,completed
20251219_220003,2025-12-19 22:00:03,2025-12-20 00:49:40,mysan,17.927,170,2.249,0.1255,0.0,0.0,0.0,17.927,0,0,0,,,,,manual
20251220_212133,2025-12-20 21:21:33,2025-12-20 21:56:39,mysan,3.567,35,0.669,0.1876,0.0,0.0,0.0,0,0,0,3.567,,,,,completed
20251220_220103,2025-12-20 22:01:03,2025-12-21 01:59:19,mysan,13.317,238,1.645,0.1235,0.0,0.0,0.0,13.317,0,0,0,,,,,manual
20251221_093618,2025-12-21 09:36:18,2025-12-21 09:36:24,mysan,0.0,0,0.0,0,0.0,0.0,0,0,0,0.0,0,,,,,manual
20251222_140420,2025-12-22 14:04:20,2025-12-22 19:00:01,mysan,16.835,296,2.366,0.1405,0.0,0.0,0.0,0,0,0,16.835,,,,,completed
20251222_220003,2025-12-22 22:00:03,2025-12-22 22:03:23,mysan,0.166,3,0.021,0.1265,0.0,0.0,0.0,0.166,0,0,0,,,,,manual
20251223_083025,2025-12-23 08:30:25,2025-12-23 08:30:26,mysan,0.0,0,0.0,0,0.0,0.0,0,0,0,0,0.0,,,,,manual
20251225_091730,2025-12-25 09:17:30,2025-12-25 09:37:22,mysan,1.106,20,0.167,0.151,0.0,0.0,0.0,0,0,1.106,0,,,,,completed
20251225_192422,2025-12-25 19:24:22,2025-12-25 19:25:32,mysan,0.077,1,0.014,0.1818,0.0,0.0,0.0,0,0,0,0.077,,,,,completed
20251225_220103,2025-12-25 22:01:03,2025-12-26 01:46:40,mysan,15.101,226,1.877,0.1243,0.0,0.0,0.0,15.101,0,0,0,,,,,manual
20251226_092958,2025-12-26 09:29:58,2025-12-26 13:02:51,mysan,8.913,213,1.308,0.1468,0.0,0.0,0.0,0,8.913,0,0,,,,,completed
20251226_163027,2025-12-26 16:30:27,2025-12-26 16:47:21,mysan,0.97,17,0.133,0.1371,0.0,0.0,0.0,0,0.97,0,0,,,,,completed
20251226_220103,2025-12-26 22:01:03,2025-12-27 00:35:43,mysan,13.193,155,1.682,0.1275,0.0,0.0,0.0,13.193,0,0,0,,,,,manual
20251227_124846,2025-12-27 12:48:46,2025-12-27 16:17:04,walterpe,37.179,208,5.235,0.1408,0.0,0.0,0.0,0,37.179,0,0,,,,,manual
20251227_164824,2025-12-27 16:48:24,2025-12-27 18:07:50,walterpe,13.747,79,1.926,0.1401,0.0,0.0,0.0,0,13.747,0,0,,,,,manual
20251227_192031,2025-12-27 19:20:31,2025-12-28 00:37:08,mysan,25.795,317,4.267,0.1654,0.0,0.0,0.0,25.795,0,0,0,,,,,manual
20251228_003827,2025-12-28 00:38:27,2025-12-28 01:02:24,mysan,0.114,24,0.015,0.1316,0.0,0.0,0.0,0.114,0,0,0,,,,,manual
20251228_091557,2025-12-28 09:15:57,2025-12-28 09:41:34,mysan,0.717,26,0.107,0.1492,0.0,0.0,0.0,0,0,0.717,0,,,,,completed
20251230_120458,2025-12-30 12:04:58,2025-12-30 16:48:44,mysan,24.33,284,3.424,0.1407,0.0,0.0,0.0,0,24.33,0,0,,,,,completed
20260104_092750,2026-01-04 09:27:50,2026-01-04 11:08:34,mysan,10.398,101,1.388,0.1335,0.0,0.0,0.0,0,0,10.398,0,,,,,completed
20260107_112604,2026-01-07 11:26:04,2026-01-07 14:48:00,mysan,21.124,202,3.243,0.1535,0.0,0.0,0.0,0,21.124,0,0,,,,,completed
20260107_152717,2026-01-07 15:27:17,2026-01-07 18:05:56,mysan,14.122,159,2.414,0.1709,0.0,0.0,0.0,0,14.122,0,0,,,,,completed
20260107_221447,2026-01-07 22:14:47,2026-01-07 22:14:59,mysan,0.0,0,0.0,0,0.0,0.0,0,0.0,0,0,0,,,,,manual
20260108_084452,2026-01-08 08:44:52,2026-01-08 09:03:14,mysan,0.406,18,0.081,0.1995,0.0,0.0,0.0,0,0,0.406,0,,,,,completed
20260108_125309,2026-01-08 12:53:09,2026-01-08 15:50:19,mysan,12.007,177,2.037,0.1697,0.0,0.0,0.0,0,12.007,0,0,,,,,completed
20260110_134348,2026-01-10 13:43:48,2026-01-10 15:46:48,mysan,12.798,123,2.19,0.1711,0.0,0.0,0.0,0,12.798,0,0,,,,,manual
20260112_092055,2026-01-12 09:20:55,2026-01-12 12:13:44,mysan,17.07,173,2.252,0.1319,0.0,0.0,0.0,0,0,17.07,0,,,,,completed
20260113_082220,2026-01-13 08:22:20,2026-01-13 08:42:47,mysan,2.125,20,0.478,0.2249,0.0,0.0,0.0,0,0,0,2.125,,,,,completed
20260113_090325,2026-01-13 09:03:25,2026-01-13 12:17:05,mysan,20.079,194,2.663,0.1326,0.0,0.0,0.0,0,0,20.079,0,,,,,completed
20260114_090227,2026-01-14 09:02:27,2026-01-14 12:21:26,mysan,17.005,199,2.256,0.1327,0.0,0.0,0.0,0,0,17.005,0,,,,,completed
20260114_155505,2026-01-14 15:55:05,2026-01-14 17:30:03,mysan,2.483,95,0.423,0.1704,0.0,0.0,0.0,0,2.483,0,0,,,,,completed
20260115_104845,2026-01-15 10:48:45,2026-01-15 16:12:12,mysan,26.616,324,4.031,0.1515,0.0,0.0,0.0,0,26.616,0,0,,,,,manual
20260117_123355,2026-01-17 12:33:55,2026-01-17 15:06:31,mysan,16.007,153,2.627,0.1641,0.0,0.0,0.0,0,16.007,0,0,,,,,completed
20260119_170808,2026-01-19 17:08:08,2026-01-19 17:37:47,mysan,3.087,30,0.529,0.1714,0.0,0.0,0.0,0,3.087,0,0,,,,,completed
20260119_220104,2026-01-19 22:01:04,2026-01-20 02:57:08,mysan,22.715,296,2.713,0.1194,0.0,0.0,0.0,22.715,0,0,0,,,,,manual
20260120_083008,2026-01-20 08:30:08,2026-01-20 08:30:09,mysan,0.0,0,0.0,0,0.0,0.0,0,0,0,0,0.0,,,,,manual
20260120_083028,2026-01-20 08:30:28,2026-01-20 08:30:29,mysan,0.0,0,0.0,0,0.0,0.0,0,0,0,0,0.0,,,,,manual
20260120_083048,2026-01-20 08:30:48,2026-01-20 08:30:49,mysan,0.0,0,0.0,0,0.0,0.0,0,0,0,0,0.0,,,,,manual
20260120_083108,2026-01-20 08:31:08,2026-01-20 08:31:09,mysan,0.0,0,0.0,0,0.0,0.0,0,0,0,0,0.0,,,,,manual
20260120_083128,2026-01-20 08:31:28,2026-01-20 08:31:29,mysan,0.0,0,0.0,0,0.0,0.0,0,0,0,0,0.0,,,,,manual
20260120_083130,2026-01-20 08:31:30,2026-01-20 08:31:31,mysan,0.0,0,0.0,0,0.0,0.0,0,0,0,0,0.0,,,,,manual
20260120_083138,2026-01-20 08:31:38,2026-01-20 08:31:39,mysan,0.0,0,0.0,0,0.0,0.0,0,0,0,0,0.0,,,,,manual
20260120_083140,2026-01-20 08:31:40,2026-01-20 08:45:02,mysan,0.536,13,0.12,0.2239,0.0,0.0,0.0,0,0,0,0.536,,,,,completed
20260120_130946,2026-01-20 13:09:46,2026-01-20 15:43:06,mysan,13.15,153,2.236,0.17,0.0,0.0,0.0,0,13.15,0,0,,,,,completed
20260121_151156,2026-01-21 15:11:56,2026-01-21 18:16:55,mysan,19.069,185,3.259,0.1709,0.0,0.0,0.0,0,19.069,0,0,,,,,completed
20260121_225620,2026-01-21 22:56:20,2026-01-22 03:39:18,mysan,22.681,283,2.754,0.1214,0.0,0.0,0.0,22.681,0,0,0,,,,,manual
20260122_181958,2026-01-22 18:19:58,2026-01-22 19:00:02,mysan,4.216,40,0.72,0.1708,0.0,0.0,0.0,0,0,0,4.216,,,,,completed
20260122_220003,2026-01-22 22:00:03,2026-01-23 06:13:39,mysan,22.791,494,2.843,0.1247,0.0,0.0,0.0,0,0,0,22.791,,,,,manual
20260123_082524,2026-01-23 08:25:24,2026-01-23 08:28:35,mysan,0.066,3,0.016,0.2424,0.0,0.0,0.0,0,0,0,0.066,,,,,completed
20260123_235517,2026-01-23 23:55:17,2026-01-24 08:09:26,mysan,19.246,494,2.873,0.1493,0.0,0.0,0.0,0,0,0,19.246,,,,,completed
20260125_124005,2026-01-25 12:40:05,2026-01-25 14:49:19,mysan,11.24,129,1.892,0.1683,0.0,0.0,0.0,0,11.24,0,0,,,,,completed
20260125_210417,2026-01-25 21:04:17,2026-01-25 21:04:59,mysan,0.0,1,0.0,0,0.0,0.0,0,0,0,0,0.0,,,,,completed
20260125_220104,2026-01-25 22:01:04,2026-01-26 00:51:41,mysan,13.642,171,1.631,0.1196,0.0,0.0,0.0,13.642,0,0,0,,,,,manual
20260201_091124,2026-02-01 09:11:24,2026-02-01 09:37:29,mysan,2.287,26,0.301,0.1316,0.0,0.0,0.0,0,0,2.287,0,,,,,completed
20260202_220103,2026-02-02 22:01:03,2026-02-02 23:31:01,mysan,9.197,90,1.097,0.1193,0.0,0.0,0.0,9.197,0,0,0,,,,,manual
20260203_083031,2026-02-03 08:30:31,2026-02-03 08:30:32,mysan,0.0,0,0.0,0,0.0,0.0,0,0,0,0,0.0,,,,,manual
20260206_195139,2026-02-06 19:51:39,2026-02-06 19:54:12,mysan,0.19,3,0.042,0.2211,0.0,0.0,0.0,0,0,0,0.19,,,,,completed
20260206_220104,2026-02-06 22:01:04,2026-02-06 23:09:27,mysan,6.983,68,0.836,0.1197,0.0,0.0,0.0,6.983,0,0,0,,,,,manual
20260209_135702,2026-02-09 13:57:02,2026-02-09 14:01:25,mysan,0.399,4,0.067,0.1679,0.0,0.0,0.0,0,0.399,0,0,,,,,completed
20260209_220103,2026-02-09 22:01:03,2026-02-09 23:15:45,mysan,7.597,75,0.904,0.119,0.0,0.0,0.0,7.597,0,0,0,,,,,manual
20260210_083056,2026-02-10 08:30:56,2026-02-10 08:30:57,mysan,0.0,0,0.0,0,0.0,0.0,0,0,0,0,0.0,,,,,manual
20260210_215926,2026-02-10 21:59:26,2026-02-11 00:45:06,mysan,6.654,166,0.798,0.1199,0.0,0.0,0.0,6.654,0,0,0,,,,,manual
20260211_115708,2026-02-11 11:57:08,2026-02-11 13:44:41,mysan,10.79,108,1.591,0.1475,0.0,0.0,0.0,0,10.79,0,0,,,,,completed
20260211_175743,2026-02-11 17:57:43,2026-02-11 19:00:07,mysan,6.368,62,1.078,0.1693,0.0,0.0,0.0,0,0,0,6.368,,,,,completed
20260211_220004,2026-02-11 22:00:04,2026-02-12 03:13:14,mysan,25.32,313,3.016,0.1191,0.0,0.0,0.0,25.32,0,0,0,,,,,manual
20260213_082918,2026-02-13 08:29:18,2026-02-13 08:45:47,mysan,0.675,16,0.153,0.2267,0.0,0.0,0.0,0,0,0,0.675,,,,,completed
20260213_090104,2026-02-13 09:01:04,2026-02-13 13:13:06,mysan,19.2,252,2.544,0.1325,0.0,0.0,0.0,0,19.2,0,0,,,,,completed
20260213_171418,2026-02-13 17:14:18,2026-02-13 17:52:09,mysan,3.88,38,0.663,0.1709,0.0,0.0,0.0,0,3.88,0,0,,,,,completed
20260213_181848,2026-02-13 18:18:48,2026-02-13 19:00:03,mysan,4.449,41,0.763,0.1715,0.0,0.0,0.0,0,0,0,4.449,,,,,completed
20260213_220004,2026-02-13 22:00:04,2026-02-14 01:11:00,mysan,13.422,191,1.627,0.1212,0.0,0.0,0.0,13.422,0,0,0,,,,,manual
20260215_091115,2026-02-15 09:11:15,2026-02-15 09:38:40,mysan,0.682,27,0.088,0.129,0.0,0.0,0.0,0,0,0.682,0,,,,,completed
20260217_001452,2026-02-17 00:14:52,2026-02-17 04:36:11,mysan,18.455,261,2.243,0.1215,0.0,0.0,0.0,18.455,0,0,0,,,,,manual
20260217_083012,2026-02-17 08:30:12,2026-02-17 08:30:13,mysan,0.0,0,0.0,0,0.0,0.0,0,0,0,0,0.0,,,,,manual
20260217_083024,2026-02-17 08:30:24,2026-02-17 08:30:25,mysan,0.0,0,0.0,0,0.0,0.0,0,0,0,0,0.0,,,,,manual
20260217_083032,2026-02-17 08:30:32,2026-02-17 08:30:33,mysan,0.0,0,0.0,0,0.0,0.0,0,0,0,0,0.0,,,,,manual
20260217_083214,2026-02-17 08:32:14,2026-02-17 08:32:15,mysan,0.0,0,0.0,0,0.0,0.0,0,0,0,0,0.0,,,,,manual
20260217_083222,2026-02-17 08:32:22,2026-02-17 08:32:23,mysan,0.0,0,0.0,0,0.0,0.0,0,0,0,0,0.0,,,,,manual
20260218_140053,2026-02-18 14:00:53,2026-02-18 16:15:12,mysan,1.573,134,0.268,0.1704,0.0,0.0,0.0,0,1.573,0,0,,,,,ev_disconnected
20260218_201756,2026-02-18 20:17:56,2026-02-18 20:32:55,mysan,1.617,15,0.366,0.2263,0.0,0.0,0.0,0,0,0,1.617,,,,,completed
20260218_220103,2026-02-18 22:01:03,2026-02-19 02:43:44,mysan,22.236,283,2.692,0.1211,0.0,0.0,0.0,22.236,0,0,0,,,,,manual
20260222_121539,2026-02-22 12:15:39,2026-02-22 12:22:12,mysan,0.622,7,0.081,0.1302,0.0,0.0,0.0,0,0,0.622,0,,,,,completed
20260222_220104,2026-02-22 22:01:04,2026-02-23 02:40:17,mysan,21.103,279,2.56,0.1213,0.0,0.0,0.0,21.103,0,0,0,,,,,manual
20260223_132643,2026-02-23 13:26:43,2026-02-23 15:27:34,mysan,6.185,121,1.056,0.1707,0.0,0.0,0.0,0,6.185,0,0,,,,,manual
20260224_121329,2026-02-24 12:13:29,2026-02-24 12:59:58,mysan,4.804,46,0.636,0.1324,0.0,0.0,0.0,0,0,4.804,0,,,,,completed
20260224_165548,2026-02-24 16:55:48,2026-02-24 17:16:47,mysan,2.136,21,0.365,0.1709,0.0,0.0,0.0,0,2.136,0,0,,,,,completed
20260224_174222,2026-02-24 17:42:22,2026-02-24 18:54:06,mysan,7.485,72,1.284,0.1715,0.0,0.0,0.0,0,7.485,0,0,,,,,completed
20260224_204653,2026-02-24 20:46:53,2026-02-25 00:45:14,mysan,18.578,238,3.085,0.1661,0.0,0.0,0.0,18.578,0,0,0,,,,,manual
20260225_152214,2026-02-25 15:22:14,2026-02-25 16:49:52,mysan,2.806,88,0.488,0.1739,0.0,0.0,0.0,0,2.806,0,0,,,,,completed
20260225_204429,2026-02-25 20:44:29,2026-02-25 21:08:16,mysan,2.461,24,0.556,0.2259,0.0,0.0,0.0,0,0,0,2.461,,,,,completed
20260225_220104,2026-02-25 22:01:04,2026-02-26 02:22:07,mysan,21.511,261,2.616,0.1216,0.0,0.0,0.0,21.511,0,0,0,,,,,manual
20260226_173011,2026-02-26 17:30:11,2026-02-26 19:00:03,mysan,9.464,90,1.624,0.1716,0.0,0.0,0.0,0,0,0,9.464,,,,,completed
20260228_120842,2026-02-28 12:08:42,2026-02-28 14:25:35,mysan,4.538,137,0.644,0.1419,0.0,0.0,0.0,0,4.538,0,0,,,,,manual
20260228_223046,2026-02-28 22:30:46,2026-03-01 03:49:43,mysan,27.51,319,3.331,0.1211,0.0,0.0,0.0,27.51,0,0,0,,,,,manual
20260301_220518,2026-03-01 22:05:18,2026-03-02 00:12:06,mysan,6.305,127,0.763,0.121,0.0,0.0,0.0,6.305,0,0,0,,,,,manual
20260302_072959,2026-03-02 07:29:59,2026-03-02 09:28:06,mysan,6.07,118,1.356,0.2234,0.0,0.0,0.0,0,0,6.07,0,,,,,manual
20260302_200502,2026-03-02 20:05:02,2026-03-02 20:06:37,mysan,0.091,2,0.02,0.2198,0.0,0.0,0.0,0,0,0,0.091,,,,,completed
20260302_220103,2026-03-02 22:01:03,2026-03-03 03:12:01,mysan,26.464,311,3.213,0.1214,0.0,0.0,0.0,26.464,0,0,0,,,,,manual
20260304_114145,2026-03-04 11:41:45,2026-03-04 13:30:29,mysan,11.388,109,1.629,0.143,0.0,0.0,0.0,0,11.388,0,0,,,,,completed
20260304_193144,2026-03-04 19:31:44,2026-03-04 19:32:04,mysan,0.0,0,0.0,0,0.0,0.0,0,0,0,0,0.0,,,,,completed
20260304_220104,2026-03-04 22:01:04,2026-03-05 03:52:43,mysan,29.89,352,3.651,0.1221,0.0,0.0,0.0,29.89,0,0,0,,,,,manual
20260305_175817,2026-03-05 17:58:17,2026-03-05 19:00:02,mysan,6.537,62,1.12,0.1713,0.0,0.0,0.0,0,0,0,6.537,,,,,completed
20260305_202359,2026-03-05 20:23:59,2026-03-05 20:52:44,mysan,2.953,29,0.67,0.2269,0.0,0.0,0.0,0,0,0,2.953,,,,,completed
20260305_220004,2026-03-05 22:00:04,2026-03-06 01:00:19,mysan,13.064,180,1.587,0.1215,0.0,0.0,0.0,13.064,0,0,0,,,,,manual
20260306_215251,2026-03-06 21:52:51,2026-03-07 01:20:49,mysan,15.18,208,1.916,0.1262,0.0,0.0,0.0,15.18,0,0,0,,,,,manual
20260307_211734,2026-03-07 21:17:34,2026-03-07 21:18:17,mysan,0.0,1,0.0,0,0.0,0.0,0,0,0,0,0.0,,,,,completed
20260307_220103,2026-03-07 22:01:03,2026-03-08 02:10:07,mysan,19.918,249,2.419,0.1214,0.0,0.0,0.0,19.918,0,0,0,,,,,manual
20260308_104727,2026-03-08 10:47:27,2026-03-08 13:00:01,mysan,24.187,133,3.202,0.1324,0.0,0.0,0.0,0,24.187,0,0,,,,,manual
20260308_142610,2026-03-08 14:26:10,2026-03-08 15:05:45,vojtesla,3.717,40,0.633,0.1703,0.0,0.0,0.0,0,3.717,0,0,,,,,completed
20260308_183329,2026-03-08 18:33:29,2026-03-08 19:00:02,vojtesla,2.835,27,0.486,0.1714,0.0,0.0,0.0,0,0,0,2.835,,,,,completed
20260308_220003,2026-03-08 22:00:03,2026-03-09 02:44:19,vojtesla,22.842,284,2.764,0.121,0.0,0.0,0.0,22.842,0,0,0,,,,,manual
20260310_141203,2026-03-10 14:12:03,2026-03-10 16:18:19,vojtesla,13.227,126,2.257,0.1706,0.0,0.0,0.0,0,13.227,0,0,,,,,completed
20260310_185449,2026-03-10 18:54:49,2026-03-10 19:00:02,mysan,0.565,5,0.098,0.1735,0.0,0.0,0.0,0,0,0,0.565,,,,,completed
20260310_220003,2026-03-10 22:00:03,2026-03-11 01:22:33,mysan,14.996,202,1.81,0.1207,0.0,0.0,0.0,14.996,0,0,0,,,,,manual
20260311_121058,2026-03-11 12:10:58,2026-03-11 12:49:34,mysan,4.044,39,0.532,0.1316,0.0,0.0,0.0,0,0,4.044,0,,,,,completed
20260311_172043,2026-03-11 17:20:43,2026-03-11 18:36:57,mysan,8.107,76,1.383,0.1706,0.0,0.0,0.0,0,8.107,0,0,,,,,manual
20260311_200925,2026-03-11 20:09:25,2026-03-11 20:26:55,mysan,1.787,18,0.405,0.2266,0.0,0.0,0.0,0,0,0,1.787,,,,,completed
20260311_220103,2026-03-11 22:01:03,2026-03-12 01:35:38,mysan,21.083,215,2.553,0.1211,0.0,0.0,0.0,21.083,0,0,0,,,,,completed
20260313_142951,2026-03-13 14:29:51,2026-03-13 16:07:48,mysan,10.311,98,1.763,0.171,0.0,0.0,0.0,0,10.311,0,0,,,,,completed
20260313_185841,2026-03-13 18:58:41,2026-03-13 19:00:02,mysan,0.225,1,0.04,0.1778,0.0,0.0,0.0,0,0,0,0.225,,,,,completed
20260313_210310,2026-03-13 21:03:10,2026-03-14 03:00:00,mysan,31.448,357,4.462,0.1419,0.0,0.0,0.0,31.448,0,0,0,,,,,manual
20260316_223816,2026-03-16 22:38:16,2026-03-17 02:47:27,mysan,18.568,249,2.255,0.1214,0.0,0.0,0.0,18.568,0,0,0,,,,,manual
20260317_083028,2026-03-17 08:30:28,2026-03-17 08:30:29,mysan,0.0,0,0.0,0,0.0,0.0,0,0,0,0,0.0,,,,,manual
20260317_085332,2026-03-17 08:53:32,2026-03-17 09:05:16,mysan,0.394,12,0.072,0.1827,0.0,0.0,0.0,0,0,0.394,0,,,,,completed
20260317_190956,2026-03-17 19:09:56,2026-03-17 19:43:25,mysan,3.519,34,0.799,0.2271,0.0,0.0,0.0,0,0,0,3.519,,,,,completed
20260317_220104,2026-03-17 22:01:04,2026-03-18 02:39:09,mysan,22.233,278,2.693,0.1211,0.0,0.0,0.0,22.233,0,0,0,,,,,manual
20260319_130434,2026-03-19 13:04:34,2026-03-19 14:47:14,mysan,7.279,103,1.241,0.1705,0.0,0.0,0.0,0,7.279,0,0,,,,,completed
20260319_152035,2026-03-19 15:20:35,2026-03-19 17:22:13,mysan,7.703,122,1.318,0.1711,0.0,0.0,0.0,0,7.703,0,0,,,,,completed
20260321_081743,2026-03-21 08:17:43,2026-03-21 09:58:21,mysan,10.284,101,0.0,0.0,0.0,0.0,0.0,0,0,0,0,,,,,completed
20260321_182534,2026-03-21 18:25:34,2026-03-21 19:00:01,mysan,3.65,34,0.0,0.0,0.0,0.0,0.0,0,0,0,0,,,,,completed
20260321_220004,2026-03-21 22:00:04,2026-03-21 23:27:25,mysan,9.116,87,0.0,0.0,0.0,0.0,0.0,0,0,0,0,,,,,completed
20260322_084715,2026-03-22 08:47:15,2026-03-22 11:05:54,mysan,6.008,139,0.0,0.0,0.0,0.0,0.0,0,0,0,0,,,,,manual
20260322_201103,2026-03-22 20:11:03,2026-03-22 20:19:40,mysan,0.838,9,0.0,0.0,0.0,0.0,0.0,0,0,0,0,,,,,completed
20260322_220104,2026-03-22 22:01:04,2026-03-22 22:23:21,mysan,2.365,22,0.0,0.0,0.0,0.0,0.0,0,0,0,0,,,,,completed
20260323_093858,2026-03-23 09:38:58,2026-03-23 10:30:24,mysan,1.946,51,0.0,0.0,0.0,0.0,0.0,0,0,0,0,,,,,completed
20260323_093858,2026-03-23 09:38:58,2026-03-23 14:25:00,mysan,14.572,286,1.734,0.119,0.0,0.0,0.0,0,14.572,0,0,,,,,manual
20260324_102336,2026-03-24 10:23:36,2026-03-24 16:03:14,mysan,15.94,340,0.491,0.0308,0.0,0.0,0.0,0,0,0,0,,,,,completed
20260324_220103,2026-03-24 22:01:03,2026-03-25 00:09:17,mysan,6.243,128,0.0,0.0,0.0,0.0,0.0,0,0,0,0,,,,,manual
20260325_094451,2026-03-25 09:44:51,2026-03-25 09:59:18,mysan,1.458,14,0.0,0.0,0.0,0.0,0.0,0,0,0,0,,,,,completed
20260325_195853,2026-03-25 19:58:53,2026-03-25 20:01:48,mysan,0.25,3,0.0,0.0,0.0,0.0,0.0,0,0,0,0,,,,,completed
20260325_220103,2026-03-25 22:01:03,2026-03-26 01:30:21,mysan,22.232,209,0.0,0.0,0.0,0.0,0.0,0,0,0,0,,,,,completed
20260326_090253,2026-03-26 09:02:53,2026-03-26 10:00:48,mysan,6.015,58,0.0,0.0,0.0,0.0,0.0,0,0,0,0,,,,,completed
20260326_103936,2026-03-26 10:39:36,2026-03-26 12:38:17,mysan,5.767,119,0.0,0.0,0.0,0.0,0.0,0,0,0,0,,,,,manual
20260326_182037,2026-03-26 18:20:37,2026-03-26 19:00:02,mysan,4.104,39,0.0,0.0,0.0,0.0,0.0,0,0,0,0,,,,,completed
20260326_220003,2026-03-26 22:00:03,2026-03-27 03:32:15,mysan,27.719,332,0.0,0.0,0.0,0.0,0.0,0,0,0,0,,,,,manual
20260327_134157,2026-03-27 13:41:57,2026-03-27 16:56:15,mysan,13.538,194,0.0,0.0,0.0,0.0,0.0,0,0,0,0,,,,,manual
20260327_215202,2026-03-27 21:52:02,2026-03-27 23:38:52,mysan,11.309,107,0.0,0.0,0.0,0.0,0.0,0,0,0,0,,,,,completed
20260327_235003,2026-03-27 23:50:03,2026-03-28 03:47:19,mysan,18.463,237,0.0,0.0,0.0,0.0,0.0,0,0,0,0,,,,,manual
20260328_221712,2026-03-28 22:17:12,2026-03-28 22:17:14,mysan,0.0,0,0.0,0,0.0,0.0,0,0,0,0,0,,,,,completed
20260328_221832,2026-03-28 22:18:32,2026-03-29 06:00:01,vojtesla,43.145,402,0.0,0.0,0.0,0.0,0.0,0,0,0,0,,,,,manual
20260329_090002,2026-03-29 09:00:02,2026-03-29 09:46:41,vojtesla,2.556,47,0.0,0.0,0.0,0.0,0.0,0,0,0,0,,,,,manual
20260329_162302,2026-03-29 16:23:02,2026-03-29 16:24:56,mysan,0.091,2,0.0,0.0,0.0,0.0,0.0,0,0,0,0,,,,,completed
20260329_220504,2026-03-29 22:05:04,2026-03-30 03:23:29,mysan,26.816,318,2.452,0.0914,0.0,0.0,0.0,26.816,0,0,0,,,,,manual
20260405_224046,2026-04-05 22:40:46,2026-04-06 00:13:39,mysan,0.852,93,0.0,0.0,0.0,21.171,0.0,0.852,0,0,0,,,,,manual
20260405_224046,2026-04-05 22:40:46,2026-04-06 00:16:36,mysan,1.172,96,0.0,0.0,0.0,21.491,0.0,1.172,0,0,0,,,,,completed
20260406_001802,2026-04-06 00:18:02,2026-04-06 00:25:35,mysan,0.739,8,0.0,0.0,0.0,0.739,0.0,0.739,0,0,0,,,,,completed
20260406_005644,2026-04-06 00:56:44,2026-04-06 00:58:30,mysan,0.157,2,0.019,0.121,0.0,0.157,0.0,0.157,0,0,0,,,,,completed
20260406_012935,2026-04-06 01:29:35,2026-04-06 02:48:35,mysan,8.259,79,0.998,0.1208,0.0,8.259,0.0,8.259,0,0,0,,,,,completed
20260407_084909,2026-04-07 08:49:09,2026-04-07 12:00:35,mysan,19.185,191,3.335,0.1738,0.0,19.185,0.0,0,19.185,0,0,,,,,completed
20260407_144645,2026-04-07 14:46:45,2026-04-07 18:50:33,mysan,18.685,244,2.451,0.1312,0.0,18.685,0.0,0,0,18.685,0,,,,,manual
20260408_105158,2026-04-08 10:51:58,2026-04-08 13:07:40,mysan,7.208,136,1.223,0.1697,0.0,7.208,0.0,0,0,7.208,0,,,,,manual
20260409_115008,2026-04-09 11:50:08,2026-04-09 15:44:17,mysan,16.483,234,2.454,0.1489,0.0,16.483,0.0,0,0,16.483,0,,,,,manual
20260410_073827,2026-04-10 07:38:27,2026-04-10 07:38:29,mysan,0.0,0,0.0,0,0.0,0.0,0,0,0,0,0.0,,,,,completed
20260411_064515,2026-04-11 06:45:15,2026-04-11 06:45:20,mysan,0.0,0,0.0,0,0.0,0.0,0,0,0,0,0.0,,,,,completed
20260411_090934,2026-04-11 09:09:34,2026-04-11 10:16:44,mysan,5.486,67,0.864,0.1575,0.0,5.486,0.0,0,5.486,0,0,,,,,completed
20260411_115920,2026-04-11 11:59:20,2026-04-11 15:26:24,mysan,16.869,207,2.245,0.1331,0.0,16.869,0.0,0,0,16.869,0,,,,,completed
20260411_152745,2026-04-11 15:27:45,2026-04-11 16:18:06,mysan,4.131,50,0.507,0.1227,0.0,4.131,0.0,0,0,4.131,0,,,,,completed
20260412_115105,2026-04-12 11:51:05,2026-04-12 13:02:02,mysan,4.437,71,0.69,0.1555,0.0,4.437,0.0,0,0,4.437,0,,,,,completed
20260412_183320,2026-04-12 18:33:20,2026-04-12 19:00:02,mysan,2.82,27,0.35,0.1241,0.0,2.82,0.0,0,0,0,2.82,,,,,completed
20260412_220003,2026-04-12 22:00:03,2026-04-12 23:59:15,mysan,12.599,119,1.418,0.1125,0.0,12.599,0.0,12.599,0,0,0,,,,,completed
20260413_180443,2026-04-13 18:04:43,2026-04-13 19:00:02,mysan,5.866,55,0.772,0.1316,0.0,5.866,0.0,0,0,0,5.866,,,,,completed
20260413_220004,2026-04-13 22:00:04,2026-04-13 22:55:00,mysan,5.675,55,0.692,0.1219,0.0,5.675,0.0,5.675,0,0,0,,,,,completed
20260414_101924,2026-04-14 10:19:24,2026-04-14 15:52:03,mysan,10.474,333,1.623,0.155,0.0,10.474,0.0,0,0,10.474,0,,,,,manual
20260416_084109,2026-04-16 08:41:09,2026-04-16 08:41:11,mysan,0.0,0,0.0,0,0.0,0.0,0,0,0,0,0.0,,,,,completed
20260416_092054,2026-04-16 09:20:54,2026-04-16 13:46:20,mysan,21.362,265,3.63,0.1699,0.0,21.362,0.0,0,0,21.362,0,,,,,manual
20260417_091235,2026-04-17 09:12:35,2026-04-17 09:12:46,mysan,0.0,0,0.0,0,0.0,0.0,0,0,0.0,0,0,,,,,completed
20260418_125231,2026-04-18 12:52:31,2026-04-18 16:41:28,mysan,20.269,229,2.497,0.1232,0.0,20.269,0.0,0,0,20.269,0,,,,,completed
20260419_105920,2026-04-19 10:59:20,2026-04-19 14:32:43,mysan,15.711,213,2.357,0.15,0.0,15.711,0.0,0,0,15.711,0,,,,,manual
20260420_114519,2026-04-20 11:45:19,2026-04-20 19:00:02,mysan,24.309,435,3.303,0.1359,0.0,24.309,0.0,0,0,0,24.309,,,,,completed
20260421_190117,2026-04-21 19:01:17,2026-04-21 19:01:19,mysan,0.0,0,0.0,0,0.0,0.0,0,0,0,0,0.0,,,,,completed
20260421_220003,2026-04-21 22:00:03,2026-04-22 01:27:43,mysan,14.67,208,1.781,0.1214,0.0,14.67,0.0,14.67,0,0,0,,,,,manual
20260422_151832,2026-04-22 15:18:32,2026-04-22 16:29:29,mysan,7.47,71,0.98,0.1312,0.0,7.47,0.0,0,0,7.47,0,,,,,completed
20260422_170541,2026-04-22 17:05:41,2026-04-22 19:00:03,mysan,12.161,114,1.604,0.1319,0.0,12.161,0.0,0,0,0,12.161,,,,,completed
20260423_134449,2026-04-23 13:44:49,2026-04-23 17:36:14,mysan,17.539,231,2.305,0.1314,0.0,17.539,0.0,0,0,17.539,0,,,,,manual
20260424_133541,2026-04-24 13:35:41,2026-04-24 17:24:13,walterpe,40.228,228,5.243,0.1303,0.0,40.228,0.0,0,0,40.228,0,,,,,manual
20260425_160539,2026-04-25 16:05:39,2026-04-25 19:00:02,mysan,11.358,174,1.407,0.1239,0.0,11.358,0.0,0,0,0,11.358,,,,,completed
20260427_154018,2026-04-27 15:40:18,2026-04-27 18:05:15,mysan,6.546,145,0.851,0.13,0.0,6.546,0.0,0,0,6.546,0,,,,,manual
20260428_181655,2026-04-28 18:16:55,2026-04-28 19:00:01,mysan,3.061,43,0.399,0.1303,0.0,3.061,0.0,0,0,0,3.061,,,,,completed
20260428_220003,2026-04-28 22:00:03,2026-04-29 04:35:32,mysan,24.387,396,2.993,0.1227,0.0,24.387,0.0,24.387,0,0,0,,,,,manual
20260429_120211,2026-04-29 12:02:11,2026-04-29 14:41:01,mysan,7.507,159,1.142,0.1521,0.0,7.507,0.0,0,0,7.507,0,,,,,manual
20260430_161516,2026-04-30 16:15:16,2026-04-30 18:32:17,mysan,9.756,137,1.251,0.1282,0.0,9.756,0.0,0,0,9.756,0,,,,,completed
20260501_095520,2026-05-01 09:55:20,2026-05-01 15:19:03,mysan,13.976,324,2.186,0.1564,0.0,13.976,0.0,0,0,13.976,0,,,,,manual
20260502_123736,2026-05-02 12:37:36,2026-05-02 13:41:34,mysan,4.741,64,0.644,0.1358,0.0,4.741,0.0,0,0,4.741,0,,,,,completed
20260502_210100,2026-05-02 21:01:00,2026-05-02 21:01:06,mysan,0.0,0,0.0,0,0.0,0.0,0,0,0,0,0.0,,,,,completed
20260502_220005,2026-05-02 22:00:05,2026-05-03 03:31:29,mysan,27.917,331,3.147,0.1127,0.0,27.917,0.0,27.917,0,0,0,,,,,manual
20260503_122501,2026-05-03 12:25:01,2026-05-03 14:33:00,mysan,5.71,128,0.797,0.1396,0.0,5.71,0.0,0,0,5.71,0,,,,,manual
20260504_094355,2026-05-04 09:43:55,2026-05-04 11:20:10,mysan,2.881,96,0.492,0.1708,0.0,2.881,0.0,0,2.881,0,0,,,,,manual
20260504_214413,2026-05-04 21:44:13,2026-05-04 21:44:15,mysan,0.0,0,0.0,0,0.0,0.0,0,0,0,0,0.0,,,,,completed
20260504_220004,2026-05-04 22:00:04,2026-05-05 03:28:58,mysan,27.368,329,3.297,0.1205,0.0,27.368,0.0,27.368,0,0,0,,,,,manual
20260505_124734,2026-05-05 12:47:34,2026-05-05 16:42:51,mysan,15.58,235,2.086,0.1339,0.0,15.58,0.0,0,0,15.58,0,,,,,manual
20260506_161810,2026-05-06 16:18:10,2026-05-06 17:34:04,mysan,4.423,76,0.575,0.13,0.0,4.423,0.0,0,0,4.423,0,,,,,manual
20260506_220202,2026-05-06 22:02:02,2026-05-07 00:36:48,mysan,9.814,155,1.186,0.1208,0.0,9.814,0.0,9.814,0,0,0,,,,,manual
20260507_123417,2026-05-07 12:34:17,2026-05-07 12:34:35,mysan,0.0,0,0.0,0,0.0,0.0,0,0,0.0,0,0,,,,,completed
20260507_123440,2026-05-07 12:34:40,2026-05-07 13:50:11,mysan,4.466,76,0.698,0.1563,0.0,4.466,0.0,0,0,4.466,0,,,,,manual
20260507_220004,2026-05-07 22:00:04,2026-05-07 22:34:51,mysan,0.325,35,0.038,0.1169,0.0,0.325,0.0,0.325,0,0,0,,,,,manual
20260508_142236,2026-05-08 14:22:36,2026-05-08 19:00:02,mysan,10.316,277,1.31,0.127,0.0,10.316,0.0,0,0,0,10.316,,,,,completed
20260508_210121,2026-05-08 21:01:21,2026-05-08 21:01:23,mysan,0.0,0,0.0,0,0.0,0.0,0,0,0,0,0.0,,,,,completed
20260508_220003,2026-05-08 22:00:03,2026-05-08 22:37:44,mysan,3.588,38,0.434,0.121,0.0,3.588,0.0,3.588,0,0,0,,,,,completed
20260509_125317,2026-05-09 12:53:17,2026-05-09 14:33:05,mysan,4.134,100,0.517,0.1251,0.0,4.134,0.0,0,0,4.134,0,,,,,manual
20260510_113910,2026-05-10 11:39:10,2026-05-10 14:02:13,mysan,8.46,143,1.287,0.1521,0.0,8.46,0.0,0,0,8.46,0,,,,,manual
20260511_095052,2026-05-11 09:50:52,2026-05-11 12:03:06,mysan,4.284,132,0.697,0.1627,0.0,4.284,0.0,0,4.284,0,0,,,,,completed
20260511_174507,2026-05-11 17:45:07,2026-05-11 18:08:52,mysan,0.584,24,0.07,0.1199,0.0,0.584,0.0,0,0,0.584,0,,,,,completed
20260511_193214,2026-05-11 19:32:14,2026-05-11 19:32:17,mysan,0.0,0,0.0,0,0.0,0.0,0,0,0,0,0.0,,,,,completed
20260511_220003,2026-05-11 22:00:03,2026-05-12 02:41:12,mysan,22.225,281,2.691,0.1211,0.0,22.225,0.0,22.225,0,0,0,,,,,manual
20260512_093912,2026-05-12 09:39:12,2026-05-12 11:30:13,mysan,11.615,111,1.986,0.171,0.0,11.615,0.0,0,11.615,0,0,,,,,completed
20260512_163031,2026-05-12 16:30:31,2026-05-12 18:25:55,mysan,4.113,115,0.566,0.1376,0.0,4.113,0.0,0,0,4.113,0,,,,,completed
20260512_235415,2026-05-12 23:54:15,2026-05-13 05:23:27,mysan,10.431,329,1.185,0.1136,0.0,10.431,0.0,10.431,0,0,0,,,,,manual
20260513_121310,2026-05-13 12:13:10,2026-05-13 12:13:29,mysan,0.0,0,0.0,0,0.0,0.0,0,0,0.0,0,0,,,,,completed
20260513_121346,2026-05-13 12:13:46,2026-05-13 12:13:49,mysan,0.0,0,0.0,0,0.0,0.0,0,0,0.0,0,0,,,,,manual
20260513_143724,2026-05-13 14:37:24,2026-05-13 16:16:28,mysan,3.836,99,0.507,0.1322,0.0,3.836,0.0,0,0,3.836,0,,,,,manual
20260514_101515,2026-05-14 10:15:15,2026-05-14 11:55:36,mysan,3.851,100,0.639,0.1659,0.0,3.851,0.0,0,3.851,0,0,,,,,completed
20260514_131153,2026-05-14 13:11:53,2026-05-14 15:00:38,mysan,2.739,109,0.325,0.1187,0.0,2.739,0.0,0,0,2.739,0,,,,,completed
20260514_172120,2026-05-14 17:21:20,2026-05-14 18:32:48,mysan,1.811,72,0.215,0.1187,0.0,1.811,0.0,0,0,1.811,0,,,,,completed
20260514_220003,2026-05-14 22:00:03,2026-05-15 01:41:34,mysan,16.697,222,2.029,0.1215,0.0,16.697,0.0,16.697,0,0,0,,,,,manual
20260515_141823,2026-05-15 14:18:23,2026-05-15 17:52:18,mysan,11.488,214,1.496,0.1302,0.0,11.488,0.0,0,0,11.488,0,,,,,completed
20260515_220003,2026-05-15 22:00:03,2026-05-16 06:00:01,mysan,11.336,480,1.435,0.1266,0.0,11.336,0.0,0,0,0,11.336,,,,,completed
20260516_090003,2026-05-16 09:00:03,2026-05-16 09:53:13,mysan,1.261,53,0.211,0.1673,0.0,1.261,0.0,0,1.261,0,0,,,,,completed
20260518_095609,2026-05-18 09:56:09,2026-05-18 11:55:49,mysan,2.799,120,0.476,0.1701,0.0,2.799,0.0,0,2.799,0,0,,,,,completed
20260518_122137,2026-05-18 12:21:37,2026-05-18 19:00:03,mysan,21.363,398,2.842,0.133,0.0,21.363,0.0,0,0,0,21.363,,,,,completed
20260518_220004,2026-05-18 22:00:04,2026-05-19 00:14:06,mysan,2.719,134,0.325,0.1195,0.0,2.719,0.0,2.719,0,0,0,,,,,manual
20260519_093652,2026-05-19 09:36:52,2026-05-19 11:11:12,mysan,8.83,94,1.508,0.1708,0.0,8.83,0.0,0,8.83,0,0,,,,,completed
20260519_162749,2026-05-19 16:27:49,2026-05-19 19:00:02,mysan,9.952,152,1.336,0.1342,0.0,9.952,0.0,0,0,0,9.952,,,,,completed
20260519_220004,2026-05-19 22:00:04,2026-05-19 23:49:24,mysan,4.767,109,0.548,0.115,0.0,4.767,0.0,4.767,0,0,0,,,,,completed
20260520_102052,2026-05-20 10:20:52,2026-05-20 14:06:51,mysan,16.574,226,2.643,0.1595,0.0,16.574,0.0,0,0,16.574,0,,,,,completed
20260520_165631,2026-05-20 16:56:31,2026-05-20 17:15:40,mysan,1.494,19,0.198,0.1325,0.0,1.494,0.0,0,0,1.494,0,,,,,completed
20260520_171601,2026-05-20 17:16:01,2026-05-20 17:25:39,mysan,0.213,10,0.027,0.1268,0.0,0.213,0.0,0,0,0.213,0,,,,,completed
20260520_180543,2026-05-20 18:05:43,2026-05-20 19:00:02,mysan,1.289,54,0.166,0.1288,0.0,1.289,0.0,0,0,0,1.289,,,,,completed
20260520_220004,2026-05-20 22:00:04,2026-05-21 02:08:11,mysan,18.335,248,2.211,0.1206,0.0,18.335,0.0,18.335,0,0,0,,,,,manual
20260521_112100,2026-05-21 11:21:00,2026-05-21 14:40:04,mysan,14.651,199,2.318,0.1582,0.0,14.651,0.0,0,0,14.651,0,,,,,manual
20260521_154742,2026-05-21 15:47:42,2026-05-21 16:35:55,mysan,4.76,48,0.625,0.1313,0.0,4.76,0.0,0,0,4.76,0,,,,,completed
20260521_172448,2026-05-21 17:24:48,2026-05-21 19:00:03,mysan,6.289,95,0.826,0.1313,0.0,6.289,0.0,0,0,0,6.289,,,,,completed
20260521_220004,2026-05-21 22:00:04,2026-05-21 22:34:44,mysan,0.32,35,0.037,0.1156,0.0,0.32,0.0,0.32,0,0,0,,,,,manual
20260522_205244,2026-05-22 20:52:44,2026-05-22 20:52:46,mysan,0.0,0,0.0,0,0.0,0.0,0,0,0,0,0.0,,,,,completed
20260522_220004,2026-05-22 22:00:04,2026-05-23 03:25:18,mysan,27.021,325,3.142,0.1163,0.0,27.021,0.0,27.021,0,0,0,,,,,manual
20260524_125334,2026-05-24 12:53:34,2026-05-24 16:55:36,mysan,19.246,242,2.367,0.123,0.0,19.246,0.0,0,0,19.246,0,,,,,manual
20260524_220219,2026-05-24 22:02:19,2026-05-24 23:18:41,mysan,8.073,76,0.908,0.1125,0.0,8.073,0.0,8.073,0,0,0,,,,,completed
20260524_235309,2026-05-24 23:53:09,2026-05-25 06:20:25,mysan,5.145,387,0.617,0.1199,0.0,5.145,0.0,0,0,0,5.145,,,,,ev_disconnected
20260525_100024,2026-05-25 10:00:24,2026-05-25 12:26:08,mysan,17.024,146,2.908,0.1708,0.0,17.024,0.0,0,17.024,0,0,,,,,manual
20260525_123620,2026-05-25 12:36:20,2026-05-25 14:13:40,mysan,7.388,97,1.067,0.1444,0.0,7.388,0.0,0,0,7.388,0,,,,,completed
20260525_204724,2026-05-25 20:47:24,2026-05-25 20:47:27,mysan,0.0,0,0.0,0,0.0,0.0,0,0,0,0,0.0,,,,,completed
20260525_220004,2026-05-25 22:00:04,2026-05-26 03:58:04,mysan,30.185,358,3.643,0.1207,0.0,30.185,0.0,30.185,0,0,0,,,,,manual
20260526_173113,2026-05-26 17:31:13,2026-05-26 17:55:02,mysan,2.423,24,0.317,0.1308,0.0,2.423,0.0,0,0,2.423,0,,,,,completed
20260526_221237,2026-05-26 22:12:37,2026-05-27 03:57:40,mysan,29.145,345,3.538,0.1214,0.0,29.145,0.0,29.145,0,0,0,,,,,manual
20260527_105759,2026-05-27 10:57:59,2026-05-27 13:09:18,mysan,7.621,131,1.296,0.1701,0.0,7.621,0.0,0,0,7.621,0,,,,,manual
20260604_024803,2026-06-04 02:48:03,2026-06-04 05:40:55,mysan,11.073,,1.661,0.15,0.0,0.0,0,0.0,0.0,0.0,0.0,,97,,134933,manual
20260606_154254,2026-06-06 15:42:54,2026-06-06 15:52:45,vojtesla,1.371,10,0.168,0.1225,1.371,0.0,100,0.0,0.0,1.371,0.0,,,,,completed
20260606_155341,2026-06-06 15:53:41,2026-06-06 20:00:21,vojtesla,23.325,247,3.323,0.1425,21.837,1.488,94,0.0,0.0,17.667,5.658,,,,,manual
20260607_080547,2026-06-07 08:05:47,2026-06-07 09:18:59,mysan,4.346,73,0.866,0.1992,4.315,0.031,99,0.0,0.5,0.0,3.846,75,87,134981,134981,completed
20260607_103259,2026-06-07 10:32:59,2026-06-07 12:11:06,mysan,3.631,94,0.568,0.1564,3.631,0.0,100,0.0,3.631,0.0,0.0,92,98,134981,134981,manual
20260608_104412,2026-06-08 10:44:12,2026-06-08 11:47:51,mysan,6.358,63,1.081,0.1701,6.358,0.0,100,0.0,6.358,0.0,0.0,60,80,135056,135056,completed
20260608_124326,2026-06-08 12:43:26,2026-06-08 12:46:57,mysan,0.226,3,0.038,0.1699,0.226,0.0,100,0.0,0.226,0.0,0.0,80,80,135056,135056,completed
20260608_170642,2026-06-08 17:06:42,2026-06-08 17:28:25,mysan,1.073,22,0.141,0.1315,1.073,0.0,100,0.0,0.0,1.073,0.0,72,74,135071,135071,completed
20260608_174444,2026-06-08 17:44:44,2026-06-08 17:56:16,mysan,0.323,12,0.043,0.1316,0.296,0.027,92,0.0,0.0,0.323,0.0,74,75,135071,135071,completed
20260609_094910,2026-06-09 09:49:10,2026-06-09 14:08:16,mysan,18.552,259,2.966,0.1599,18.526,0.026,100,0.0,13.657,4.895,0.0,23,82,135169,135169,completed
20260610_121451,2026-06-10 12:14:51,2026-06-10 14:00:21,mysan,2.634,106,0.392,0.1488,1.767,0.867,67,0.0,1.133,1.501,0.0,7,14,135281,135281,completed
20260610_141730,2026-06-10 14:17:30,2026-06-10 15:21:06,mysan,1.586,64,0.209,0.1319,1.579,0.007,100,0.0,0.0,1.586,0.0,14,17,135281,135281,completed
20260610_154345,2026-06-10 15:43:45,2026-06-10 16:01:29,mysan,0.425,18,0.056,0.132,0.362,0.063,85,0.0,0.0,0.425,0.0,17,18,135281,135281,completed
20260610_165037,2026-06-10 16:50:37,2026-06-10 16:56:28,mysan,0.132,6,0.017,0.1318,0.132,0.0,100,0.0,0.0,0.132,0.0,18,18,135281,135281,completed
20260610_171059,2026-06-10 17:10:59,2026-06-10 17:23:39,mysan,0.31,13,0.041,0.1316,0.31,0.0,100,0.0,0.0,0.31,0.0,19,21,135281,135281,completed
20260610_224236,2026-06-10 22:42:36,2026-06-10 22:58:12,mysan,0.383,16,0.046,0.1198,0.0,0.383,0,0.383,0.0,0.0,0.0,21,22,135281,135281,completed
20260610_225817,2026-06-10 22:58:17,2026-06-11 06:29:51,mysan,11.31,451,1.433,0.1267,0.0,11.31,0,10.576,0.0,0.0,0.734,22,56,135281,135281,completed
20260611_112451,2026-06-11 11:24:51,2026-06-11 11:28:23,mysan,0.077,4,0.013,0.1714,0.077,0.0,100,0.0,0.077,0.0,0.0,14,15,135359,135359,manual
20260611_113845,2026-06-11 11:38:45,2026-06-11 15:05:10,mysan,11.039,207,1.61,0.1458,7.67,3.369,69,0.0,4.099,6.94,0.0,15,47,135359,135359,completed
20260611_154714,2026-06-11 15:47:14,2026-06-11 15:57:41,mysan,0.262,10,0.034,0.1313,0.0,0.262,0,0.0,0.0,0.262,0.0,30,31,135387,135387,completed
20260611_173526,2026-06-11 17:35:26,2026-06-11 17:48:31,mysan,0.35,13,0.046,0.1314,0.224,0.126,64,0.0,0.0,0.35,0.0,16,18,135415,135415,completed
20260611_221003,2026-06-11 22:10:03,2026-06-11 22:15:07,mysan,0.121,5,0.015,0.1207,0.0,0.121,0,0.121,0.0,0.0,0.0,16,16,135415,135415,manual
20260611_223042,2026-06-11 22:30:42,2026-06-12 03:05:59,mysan,27.64,275,3.319,0.1201,0.0,27.64,0,27.64,0.0,0.0,0.0,16,95,135415,135415,manual
20260612_163439,2026-06-12 16:34:39,2026-06-12 17:34:11,mysan,2.025,60,0.266,0.1315,1.891,0.134,93,0.0,0.0,2.025,0.0,37,44,135522,135522,completed
20260612_175736,2026-06-12 17:57:36,2026-06-12 18:24:15,mysan,0.697,27,0.092,0.1317,0.3,0.397,43,0.0,0.0,0.697,0.0,44,46,135522,135522,completed
20260612_221004,2026-06-12 22:10:04,2026-06-13 00:28:31,Hosť,11.81,138,1.399,0.1185,0.0,11.81,0,11.81,0.0,0.0,0.0,,,,,completed
20260613_172750,2026-06-13 17:27:50,2026-06-13 18:17:26,mysan,1.825,50,0.224,0.1226,1.605,0.22,88,0.0,0.0,1.825,0.0,70,75,135564,135564,completed
20260613_231914,2026-06-13 23:19:14,2026-06-14 02:48:05,mysan,15.801,209,1.778,0.1125,0.0,15.801,0,15.801,0.0,0.0,0.0,58,98,135602,135602,manual
20260614_221003,2026-06-14 22:10:03,2026-06-15 02:43:00,mysan,21.685,272,2.517,0.1161,0.0,21.685,0,21.685,0.0,0.0,0.0,39,98,135706,135706,manual
20260615_133502,2026-06-15 13:35:02,2026-06-15 15:19:53,mysan,10.903,104,1.432,0.1313,4.933,5.97,45,0.0,0.0,10.903,0.0,44,78,135808,135808,completed
20260615_161017,2026-06-15 16:10:17,2026-06-15 17:13:49,mysan,6.672,63,0.876,0.1313,4.957,1.715,74,0.0,0.0,6.672,0.0,65,84,135836,135836,completed
20260615_174852,2026-06-15 17:48:52,2026-06-15 18:20:54,mysan,3.334,32,0.438,0.1314,0.836,2.498,25,0.0,0.0,3.334,0.0,70,79,135864,135864,completed
20260615_182129,2026-06-15 18:21:29,2026-06-15 18:45:00,mysan,2.216,23,0.291,0.1315,0.307,1.909,14,0.0,0.0,2.216,0.0,79,86,135864,135864,completed
20260615_221004,2026-06-15 22:10:04,2026-06-16 00:05:17,mysan,5.691,115,0.683,0.1201,0.0,5.691,0,5.691,0.0,0.0,0.0,86,98,135864,135864,manual
20260616_095754,2026-06-16 09:57:54,2026-06-16 10:24:42,mysan,2.736,27,0.466,0.1701,1.758,0.978,64,0.0,2.736,0.0,0.0,59,67,135935,135935,completed
20260616_151254,2026-06-16 15:12:54,2026-06-16 17:56:49,mysan,17.441,164,2.293,0.1315,10.059,7.381,58,0.0,0.0,17.441,0.0,23,78,136010,136010,completed
20260616_180609,2026-06-16 18:06:09,2026-06-16 18:13:31,mysan,0.8,7,0.105,0.1315,0.132,0.668,16,0.0,0.0,0.8,0.0,78,80,136010,136010,completed
20260616_221004,2026-06-16 22:10:04,2026-06-17 00:49:07,mysan,8.908,159,1.07,0.1201,0.0,8.908,0,8.908,0.0,0.0,0.0,80,98,136010,136010,manual
20260618_125927,2026-06-18 12:59:27,2026-06-18 14:47:24,mysan,9.527,108,1.251,0.1314,8.967,0.56,94,0.0,0.0,9.527,0.0,73,98,136010,136010,completed
20260618_230129,2026-06-18 23:01:29,2026-06-19 02:34:51,mysan,14.409,213,1.73,0.1201,0.0,14.409,0,14.409,0.0,0.0,0.0,63,98,136010,136010,manual
20260619_090004,2026-06-19 09:00:04,2026-06-19 09:44:39,mysan,2.633,44,0.448,0.17,0.835,1.799,32,0.0,2.633,0.0,0.0,94,98,136010,136010,completed
20260619_172435,2026-06-19 17:24:35,2026-06-19 19:30:20,mysan,13.173,126,2.038,0.1547,0.545,12.629,4,0.0,0.0,9.894,3.279,25,66,136010,136010,completed
20260620_093346,2026-06-20 09:33:46,2026-06-20 11:13:56,mysan,10.528,100,1.646,0.1563,7.911,2.617,75,0.0,10.528,0.0,0.0,55,86,136010,136010,manual
20260620_121633,2026-06-20 12:16:33,2026-06-20 14:46:52,mysan,8.587,150,1.177,0.1371,8.112,0.475,94,0.0,3.682,4.905,0.0,79,98,136010,136010,manual
20260621_221835,2026-06-21 22:18:35,2026-06-22 06:00:09,mysan,10.832,462,1.295,0.1196,0.0,10.832,0,10.808,0.0,0.0,0.024,25,56,136010,136010,completed
20260622_092513,2026-06-22 09:25:13,2026-06-22 10:36:20,mysan,6.045,71,1.028,0.1701,3.089,2.955,51,0.0,6.045,0.0,0.0,51,69,136010,136010,completed
20260622_152706,2026-06-22 15:27:06,2026-06-22 17:27:17,mysan,12.487,120,1.643,0.1316,4.522,7.964,36,0.0,0.0,12.487,0.0,50,88,136010,136010,completed
20260622_220004,2026-06-22 22:00:04,2026-06-23 02:27:28,mysan,21.46,267,2.581,0.1203,0.0,21.46,0,21.46,0.0,0.0,0.0,45,100,136010,136010,manual
20260623_141931,2026-06-23 14:19:31,2026-06-23 15:27:55,mysan,7.185,68,0.946,0.1316,4.189,2.996,58,0.0,0.0,7.185,0.0,25,47,136010,136010,completed
20260623_160541,2026-06-23 16:05:41,2026-06-23 18:08:44,mysan,13.159,123,1.731,0.1315,1.676,11.482,13,0.0,0.0,13.159,0.0,38,75,136010,136010,completed
20260623_184531,2026-06-23 18:45:31,2026-06-23 19:00:04,mysan,1.495,15,0.207,0.1383,0.009,1.486,1,0.0,0.0,1.387,0.108,67,70,136010,136010,completed
20260624_094514,2026-06-24 09:45:14,2026-06-24 14:04:49,mysan,21.498,259,3.619,0.1683,17.645,3.854,82,0.0,20.486,1.012,0.0,40,98,136010,136010,manual
20260625_160044,2026-06-25 16:00:44,2026-06-25 19:00:04,mysan,14.106,180,1.856,0.1316,5.289,8.817,37,0.0,0.0,14.106,0.0,60,98,136010,136010,completed
20260626_103124,2026-06-26 10:31:24,2026-06-26 12:29:03,mysan,9.089,118,1.546,0.1701,8.671,0.418,95,0.0,9.089,0.0,0.0,59,85,136010,136010,completed
20260627_122647,2026-06-27 12:26:47,2026-06-27 13:20:04,mysan,3.467,53,0.488,0.1406,3.324,0.143,96,0.0,1.852,1.615,0.0,42,53,136010,136010,completed
20260627_134132,2026-06-27 13:41:32,2026-06-27 15:08:26,mysan,2.695,87,0.328,0.1219,1.09,1.605,40,0.0,0.0,2.695,0.0,47,56,136010,136010,completed
20260628_072312,2026-06-28 07:23:12,2026-06-28 15:03:44,mysan,18.446,460,2.678,0.1452,16.529,1.917,90,0.0,6.916,9.267,2.263,30,80,136010,136010,completed
20260628_221004,2026-06-28 22:10:04,2026-06-28 22:11:41,mysan,0.1,1,0.011,0.113,0.0,0.1,0,0.1,0.0,0.0,0.0,80,80,136010,136010,completed
20260630_051004,2026-06-30 05:10:04,2026-06-30 06:00:04,mysan,2.955,50,0.354,0.1197,0.0,2.955,0,2.955,0.0,0.0,0.0,80,86,136010,136010,completed
20260630_111022,2026-06-30 11:10:22,2026-06-30 12:06:41,mysan,3.116,56,0.53,0.17,3.111,0.005,100,0.0,3.116,0.0,0.0,28,38,136010,136010,completed
20260630_123644,2026-06-30 12:36:44,2026-06-30 13:56:50,mysan,6.406,80,0.906,0.1414,5.32,1.086,83,0.0,1.629,4.777,0.0,25,47,136010,136010,completed
20260630_140626,2026-06-30 14:06:26,2026-06-30 14:29:48,mysan,1.869,23,0.246,0.1316,1.437,0.432,77,0.0,0.0,1.869,0.0,47,53,136010,136010,completed
20260630_143643,2026-06-30 14:36:43,2026-06-30 15:53:17,mysan,5.589,77,0.735,0.1315,5.094,0.495,91,0.0,0.0,5.589,0.0,54,70,136010,136010,completed
20260630_164138,2026-06-30 16:41:38,2026-06-30 17:02:21,mysan,0.577,21,0.076,0.1315,0.521,0.056,90,0.0,0.0,0.577,0.0,70,71,136010,136010,completed
20260630_170836,2026-06-30 17:08:36,2026-06-30 17:22:42,mysan,0.329,14,0.043,0.1319,0.283,0.046,86,0.0,0.0,0.329,0.0,71,73,136010,136010,completed
20260701_125852,2026-07-01 12:58:52,2026-07-01 13:28:25,mysan,1.237,30,0.165,0.1331,0.965,0.272,78,0.0,0.052,1.185,0.0,41,45,136010,136010,completed
20260701_134032,2026-07-01 13:40:32,2026-07-01 14:09:55,mysan,1.112,29,0.146,0.1314,0.568,0.544,51,0.0,0.0,1.112,0.0,45,49,136010,136010,completed
20260701_142733,2026-07-01 14:27:33,2026-07-01 16:27:11,mysan,10.072,120,1.325,0.1316,5.821,4.253,58,0.0,0.0,10.072,0.0,49,80,136010,136010,completed
20260702_121523,2026-07-02 12:15:23,2026-07-02 14:27:53,mysan,12.128,132,1.728,0.1424,11.969,0.159,99,0.0,3.42,8.708,0.0,47,83,136010,136010,completed
20260702_161428,2026-07-02 16:14:28,2026-07-02 17:24:56,mysan,3.657,70,0.481,0.1314,3.428,0.229,94,0.0,0.0,3.657,0.0,67,78,137478,137478,completed
20260702_174537,2026-07-02 17:45:37,2026-07-02 18:17:47,mysan,0.82,32,0.108,0.1316,0.666,0.154,81,0.0,0.0,0.82,0.0,78,80,137478,137478,completed
20260702_222144,2026-07-02 22:21:44,2026-07-03 00:54:23,mysan,8.328,153,1.001,0.1202,0.0,8.328,0,8.328,0.0,0.0,0.0,80,100,137478,137478,manual
20260703_224812,2026-07-03 22:48:12,2026-07-04 00:53:19,mysan,13.34,125,1.559,0.1169,0.0,13.34,0,13.34,0.0,0.0,0.0,53,90,137771,137771,completed
20260704_224402,2026-07-04 22:44:02,2026-07-05 01:25:49,mysan,10.001,161,1.126,0.1126,0.0,10.001,0,10.001,0.0,0.0,0.0,75,100,137804,137804,completed
20260706_131405,2026-07-06 13:14:05,2026-07-06 14:04:32,mysan,2.755,50,0.362,0.1315,2.442,0.313,89,0.0,0.0,2.755,0.0,24,32,138088,138088,completed
20260706_142834,2026-07-06 14:28:34,2026-07-06 16:22:44,mysan,6.331,114,0.833,0.1315,5.757,0.574,91,0.0,0.0,6.331,0.0,32,50,138088,138088,completed
20260706_163025,2026-07-06 16:30:25,2026-07-06 17:25:02,mysan,1.769,55,0.233,0.1316,1.342,0.427,76,0.0,0.0,1.769,0.0,50,55,138088,138088,completed
20260706_235903,2026-07-06 23:59:03,2026-07-07 03:39:13,mysan,15.46,220,1.859,0.1203,0.0,15.46,0,15.46,0.0,0.0,0.0,55,100,138088,138088,manual
20260707_160839,2026-07-07 16:08:39,2026-07-07 16:38:49,mysan,2.782,30,0.366,0.1316,0.216,2.566,8,0.0,0.0,2.782,0.0,50,59,138170,138170,completed
20260707_165618,2026-07-07 16:56:18,2026-07-07 17:13:09,mysan,0.676,17,0.089,0.1317,0.445,0.231,66,0.0,0.0,0.676,0.0,59,61,138170,138170,completed
20260707_173818,2026-07-07 17:38:18,2026-07-07 17:58:59,mysan,0.816,20,0.107,0.1315,0.572,0.244,70,0.0,0.0,0.816,0.0,61,63,138170,138170,completed
20260707_180502,2026-07-07 18:05:02,2026-07-07 18:15:58,mysan,0.336,10,0.044,0.1315,0.155,0.181,46,0.0,0.0,0.336,0.0,63,64,138170,138170,completed
20260707_235904,2026-07-07 23:59:04,2026-07-08 00:04:08,Hosť,0.433,5,0.052,0.1203,0.0,0.433,0,0.433,0.0,0.0,0.0,,,,,manual
20260708_091810,2026-07-08 09:18:10,2026-07-08 13:11:19,mysan,12.965,233,2.202,0.1698,11.623,1.342,90,0.0,12.876,0.089,0.0,66,100,138170,138170,manual
20260708_220305,2026-07-08 22:03:05,2026-07-08 22:10:13,vojtesla,0.583,7,0.07,0.1202,0.0,0.583,0,0.583,0.0,0.0,0.0,,,,,manual
20260708_221723,2026-07-08 22:17:23,2026-07-09 06:00:01,vojtesla,52.782,463,6.346,0.1202,0.0,52.782,0,52.782,0.0,0.0,0.0,,,,,manual
20260709_084527,2026-07-09 08:45:27,2026-07-09 08:46:22,vojtesla,0.002,1,0.001,0.25,0.002,0.0,100,0.0,0.0,0.0,0.002,,,,,manual
20260709_085052,2026-07-09 08:50:52,2026-07-09 08:52:21,vojtesla,0.006,2,0.001,0.2333,0.006,0.0,100,0.0,0.0,0.0,0.006,,,,,manual
20260710_010521,2026-07-10 01:05:21,2026-07-10 04:17:09,mysan,13.641,192,1.641,0.1203,0.0,13.641,0,13.641,0.0,0.0,0.0,0,100,0,138237,manual
20260711_065414,2026-07-11 06:54:14,2026-07-11 07:02:30,mysan,0.746,8,0.153,0.2048,0.0,0.746,0,0.0,0.0,0.0,0.746,32,36,138369,138369,completed
20260711_095306,2026-07-11 09:53:06,2026-07-11 11:14:17,mysan,8.577,81,1.341,0.1564,8.138,0.439,95,0.0,8.577,0.0,0.0,36,63,138369,138369,completed
20260712_002608,2026-07-12 00:26:08,2026-07-12 03:08:58,mysan,17.217,162,1.935,0.1124,0.0,17.217,0,17.217,0.0,0.0,0.0,26,80,138435,138435,completed
20260712_223036,2026-07-12 22:30:36,2026-07-13 00:56:15,mysan,8.624,146,0.975,0.1131,0.0,8.624,0,8.624,0.0,0.0,0.0,80,100,138435,138435,manual
20260714_162559,2026-07-14 16:25:59,2026-07-14 17:06:54,mysan,1.456,41,0.192,0.1315,1.255,0.201,86,0.0,0.0,1.456,0.0,78,80,138474,138476,completed
20260714_174858,2026-07-14 17:48:58,2026-07-14 18:23:27,mysan,3.532,35,0.464,0.1314,0.095,3.437,3,0.0,0.0,3.532,0.0,80,89,138476,138476,completed
20260715_092534,2026-07-15 09:25:34,2026-07-15 13:33:56,mysan,19.706,248,3.342,0.1696,10.451,9.255,53,0.013,19.447,0.246,0.0,45,98,138556,138556,manual
20260715_220004,2026-07-15 22:00:04,2026-07-16 02:05:12,mysan,17.969,245,2.162,0.1203,0.0,17.969,0,17.969,0.0,0.0,0.0,52,98,138634,138634,manual
20260716_225615,2026-07-16 22:56:15,2026-07-17 01:22:03,mysan,15.639,146,1.881,0.1203,0.0,15.639,0,15.639,0.0,0.0,0.0,23,65,138873,138873,completed
20260717_082402,2026-07-17 08:24:02,2026-07-17 12:45:46,mysan,11.84,261,2.1,0.1774,11.51,0.33,97,0.0,10.28,0.0,1.56,65,98,138873,138873,manual
20260718_125704,2026-07-18 12:57:04,2026-07-18 13:58:54,mysan,4.951,61,0.608,0.1229,4.305,0.646,87,0.0,0.063,4.888,0.0,42,56,138987,138987,completed
20260718_142845,2026-07-18 14:28:45,2026-07-18 17:11:57,mysan,11.527,163,1.412,0.1225,10.211,1.316,89,0.0,0.0,11.527,0.0,56,87,138987,138987,completed
20260718_171743,2026-07-18 17:17:43,2026-07-18 18:10:04,mysan,1.417,53,0.174,0.1228,1.364,0.053,96,0.0,0.0,1.417,0.0,87,91,138987,138987,completed
20260719_090330,2026-07-19 09:03:30,2026-07-19 09:47:00,mysan,1.394,43,0.218,0.1564,1.03,0.364,74,0.0,1.394,0.0,0.0,45,52,139075,139075,completed
20260719_124322,2026-07-19 12:43:22,2026-07-19 13:34:21,mysan,4.157,51,0.549,0.132,2.955,1.202,71,0.0,1.172,2.985,0.0,34,48,139102,139102,completed
20260719_133534,2026-07-19 13:35:34,2026-07-19 19:00:05,mysan,8.884,325,1.083,0.1219,3.471,5.414,39,0.024,0.0,8.86,0.0,48,71,139102,139102,completed
20260719_220004,2026-07-19 22:00:04,2026-07-19 23:29:56,mysan,9.234,89,1.038,0.1124,0.0,9.234,0,9.234,0.0,0.0,0.0,71,95,139102,139102,completed
20260719_232959,2026-07-19 23:29:59,2026-07-19 23:45:25,vojtesla,1.07,16,0.12,0.1125,0.0,1.07,0,1.07,0.0,0.0,0.0,,,,,completed
20260719_234559,2026-07-19 23:45:59,2026-07-20 06:00:01,vojtesla,40.949,375,4.913,0.12,0.0,40.949,0,40.949,0.0,0.0,0.0,,,,,manual
20260720_090001,2026-07-20 09:00:01,2026-07-20 09:25:58,vojtesla,1.172,25,0.2,0.1702,1.056,0.116,90,0.0,1.172,0.0,0.0,,,,,manual
20260720_152230,2026-07-20 15:22:30,2026-07-20 15:55:31,mysan,2.584,33,0.34,0.1315,2.457,0.127,95,0.0,0.0,2.584,0.0,0,65,0,139177,completed
20260720_182753,2026-07-20 18:27:53,2026-07-20 18:31:31,mysan,0.276,4,0.036,0.1315,0.034,0.242,12,0.0,0.0,0.276,0.0,58,58,139194,139194,completed
20260720_183317,2026-07-20 18:33:17,2026-07-20 19:00:05,mysan,0.668,27,0.088,0.1313,0.256,0.412,38,0.023,0.0,0.645,0.0,58,60,139194,139194,completed
20260720_220004,2026-07-20 22:00:04,2026-07-21 01:29:29,mysan,14.742,209,1.773,0.1202,0.0,14.742,0,14.742,0.0,0.0,0.0,60,100,139194,139194,manual
20260721_220004,2026-07-21 22:00:04,2026-07-22 02:10:43,mysan,19.652,250,2.364,0.1203,0.0,19.652,0,19.652,0.0,0.0,0.0,47,100,139297,139297,manual
